,area,perimeter,major_axis_length,minor_axis_length,orientation
0,6712.6086545729395,362.95931229925804,109.52650933623002,88.27255546637016,-0.2010713145727799
1,13403.840702947844,470.24258998295335,157.57704604450484,110.765484127222,1.2711399828384302
2,4228.867472915092,253.72836917589473,79.89530161697895,68.78974581967776,0.6773360381521341
3,4867.449294532627,287.45109804926057,85.13714418848751,76.64784224730548,1.514253186052637
4,24460.388321995462,699.0865996042443,232.7961300828865,142.23986477137677,0.8135306569783456
5,19607.42630385487,613.3948466129715,238.65857849740178,106.87421952380582,-0.20222091294629382
