,area,perimeter,major_axis_length,minor_axis_length,orientation
0,1810.9814814814813,171.02008973236033,55.88585658580046,42.477117220092815,1.4240792455043485
1,965.7592592592592,129.95731515930973,45.33459326432661,27.95673056276555,0.013479984071715021
2,525.1018518518518,101.78709709614701,33.84611372516255,20.76465249026542,-1.3817964063110202
3,1671.253086419753,168.6120890489001,56.28780648804924,39.29032709266779,-0.6226363586619236
4,919.9537037037037,119.55387201092778,35.51528502123237,33.93544867499069,1.3237694694870032
