,area,perimeter,major_axis_length,minor_axis_length,orientation
0,7219.639489496076,337.62468557820944,116.94634201892595,79.90810003889234,0.9174495096361296
1,3407.197052760844,227.81929978472613,71.78442479945285,61.005401873845905,-0.03211628765744758
2,8184.509451339854,367.09892177318284,116.71515350293558,91.27362470277549,-0.48829000821381235
3,12743.958598307094,528.6372234511463,182.04934661877758,97.2045790840291,0.7841492745247006
