,area,perimeter,major_axis_length,minor_axis_length,orientation
0,28214.731025247922,1552.4299149541157,256.59035606367695,148.48582460456348,1.1005005755994415
1,64.51464224029188,37.30562386963593,12.53764369638613,7.379342345324296,0.948744966708128
2,10468.401288594772,702.3438359614129,143.84111053117172,99.69244689047247,0.5596146740649376
3,4402.824137864116,296.1087350721099,78.78687144966712,72.80298869018071,0.9523022021809013
4,5500.33718876749,416.26606664697175,101.48284837491076,72.96830184329137,1.28746873730459
5,11121.516524675426,564.8374951381331,134.86073557341612,107.23660217076483,0.5900936599585838
6,7130.341652273478,978.0733064298447,132.0192209038514,80.8401373067726,0.34758921184726493
7,11607.39583535485,2026.0571484451723,321.49220968031443,98.36909739186366,0.16003522704283343
