,area,perimeter,major_axis_length,minor_axis_length,orientation
0,19513.125432825487,603.5789161663541,209.01031273756718,131.30747828501714,-0.6720779987776357
1,5821.3675121191145,356.7028839092555,119.35668629542442,72.31373482255644,-0.8484196300562166
2,11209.882487880888,430.2241396191222,151.818431602092,95.90048278488968,1.4790004954816371
3,8724.165728878119,408.1915130665469,117.73783824087026,106.26184936048335,0.8666579360223735
4,1857.6058258310254,170.5937902701918,52.622291623650476,46.07511593613476,-1.3531596154537553
5,1396.267962257618,152.64762277476282,50.79381201654374,36.91997234063613,-1.4627777356155098
6,895.4888763850417,127.25255365411263,46.81102626166194,25.06334149103472,-1.4102747017128638
